{
    "Exec_times": {
        "Linear": [
            0.000788112310692668,
            0.0015743960160762072,
            0.0023840749403461815,
            0.003200591797940433,
            0.0040188082261011,
            0.0049196751555427905,
            0.005561399972066283,
            0.006420029210858047,
            0.007250916678458452,
            0.008025575312785804
        ],
        "Binary": [
            1.9041355699300766e-06,
            1.96660403162241e-06,
            2.6335474103689194e-06,
            3.5498989745974542e-06,
            3.7708785384893416e-06,
            4.437426105141639e-06,
            4.074955359101295e-06,
            4.349998198449611e-06,
            4.15407121181488e-06,
            4.399986937642097e-06
        ],
        "Hashing": [
            1.9157305359840392e-07,
            2.707820385694504e-07,
            2.1250452846288682e-07,
            2.794899046421051e-07,
            1.320755109190941e-06,
            6.210524588823319e-07,
            3.623077645897865e-07,
            3.249850124120712e-07,
            2.7900096029043197e-07,
            3.124354407191277e-07
        ],
        "Bloom": [
            7.12578184902668e-07,
            3.917142748832703e-07,
            3.3332034945487974e-07,
            4.708999767899513e-07,
            5.12576662003994e-07,
            5.624955520033837e-07,
            4.877801984548569e-07,
            3.457069396972656e-07,
            4.375120624899864e-07,
            3.3308751881122587e-07
        ],
        "Cuckoo": [
            1.4041783288121223e-06,
            1.3418029993772507e-06,
            1.366669312119484e-06,
            1.387554220855236e-06,
            1.8291408196091653e-06,
            1.8626917153596878e-06,
            1.600012183189392e-06,
            1.6041332855820655e-06,
            1.8791994079947472e-06,
            1.5707919374108315e-06
        ]
    },
    "Data_sizes": [
        100000,
        200000,
        300000,
        400000,
        500000,
        600000,
        700000,
        800000,
        900000,
        1000000
    ]
}