{
    "Exec_times": {
        "Linear": [
            0.0007920956471934914,
            0.001610195660032332,
            0.002427412522956729,
            0.0032224874245002865,
            0.004032204090617597,
            0.0048227374907583,
            0.005648441636003554,
            0.006372741679660976,
            0.007188274757936597,
            0.00793093761894852
        ],
        "Binary": [
            1.5833182260394097e-06,
            1.7709564417600631e-06,
            2.608378417789936e-06,
            2.9334798455238344e-06,
            3.2042386010289193e-06,
            3.3167889341712e-06,
            3.63329891115427e-06,
            3.853952512145042e-06,
            3.87490727007389e-06,
            3.983150236308575e-06
        ],
        "Hashing": [
            1.9157305359840392e-07,
            2.0419247448444366e-07,
            1.9597355276346208e-07,
            2.58302316069603e-07,
            2.956250682473183e-07,
            2.875225618481636e-07,
            3.041233867406845e-07,
            3.707828000187874e-07,
            3.4573022276163103e-07,
            3.124820068478584e-07
        ],
        "Bloom": [
            5.627516657114029e-07,
            4.1250605136156083e-07,
            3.4621916711330414e-07,
            5.664536729454994e-07,
            3.791647031903267e-07,
            3.6249402910470965e-07,
            5.292240530252457e-07,
            5.832873284816742e-07,
            3.958819434046745e-07,
            4.3739564716815946e-07
        ],
        "Cuckoo": [
            1.2709060683846474e-06,
            1.3874843716621399e-06,
            1.2874370440840721e-06,
            1.3750046491622926e-06,
            1.4626188203692435e-06,
            1.5250872820615768e-06,
            1.512398011982441e-06,
            1.520826481282711e-06,
            1.6121892258524895e-06,
            1.6293255612254142e-06
        ]
    },
    "Data_sizes": [
        100000,
        200000,
        300000,
        400000,
        500000,
        600000,
        700000,
        800000,
        900000,
        1000000
    ]
}