{
    "Exec_times": {
        "Linear": [
            0.0007739375112578272,
            0.001608087425120175,
            0.002434624871239066,
            0.0032277249731123446,
            0.003958879201672971,
            0.0048157667042687535,
            0.005635654111392796,
            0.006385033088736236,
            0.007177454000338912,
            0.00800823331810534
        ],
        "Binary": [
            1.6873236745595932e-06,
            2.403813414275646e-06,
            3.170897252857685e-06,
            3.191828727722168e-06,
            3.487500362098217e-06,
            3.5584671422839165e-06,
            3.6584213376045225e-06,
            3.958377055823803e-06,
            3.991625271737576e-06,
            4.125037230551243e-06
        ],
        "Hashing": [
            3.709224984049797e-07,
            3.41818667948246e-07,
            3.6228448152542114e-07,
            3.000954166054726e-07,
            3.1241215765476226e-07,
            3.4577678889036176e-07,
            3.3744145184755324e-07,
            3.5802368074655534e-07,
            3.2901298254728315e-07,
            3.5832636058330536e-07
        ],
        "Bloom": [
            1.1418247595429421e-06,
            4.875706508755684e-07,
            6.831716746091842e-07,
            3.918539732694626e-07,
            3.666384145617485e-07,
            4.4172629714012147e-07,
            4.043104127049446e-07,
            5.914829671382904e-07,
            9.58307646214962e-07,
            5.207955837249756e-07
        ],
        "Cuckoo": [
            1.425039954483509e-06,
            1.6126083210110665e-06,
            1.954031176865101e-06,
            1.4792894944548607e-06,
            1.6208970919251442e-06,
            1.4792894944548607e-06,
            1.708255149424076e-06,
            1.645786687731743e-06,
            1.8083956092596054e-06,
            1.675100065767765e-06
        ]
    },
    "Data_sizes": [
        100000,
        200000,
        300000,
        400000,
        500000,
        600000,
        700000,
        800000,
        900000,
        1000000
    ]
}